Date,Open,High,Low,Close,Volume,Change,Code
2016-01-04,9356,9824,8879,9684,63971,0.03605434898898041,053980
2016-01-05,9683,10198,9496,10058,69442,0.03862040479140849,053980
2016-01-06,10057,10899,10011,10666,156395,0.06044939351759804,053980
2016-01-07,10806,11087,10432,10900,112363,0.021938871179448816,053980
2016-01-08,10852,10852,10291,10385,66609,-0.047247706422018365,053980
2016-01-11,10478,10618,9917,9964,59909,-0.04053923928743375,053980
2016-01-12,9964,10058,9543,9637,44839,-0.032818145323163406,053980
2016-01-13,9777,10198,9683,10105,24065,0.048562830756459396,053980
2016-01-14,9964,10011,9683,9871,23496,-0.023156853043048042,053980
2016-01-15,10104,11180,10104,10198,162835,0.03312734272110229,053980
2016-01-18,10011,10478,9777,9824,28652,-0.03667385761914099,053980
2016-01-19,9824,9964,9309,9347,75855,-0.048554560260586355,053980
2016-01-20,9403,9683,9169,9403,50772,0.005991227131699972,053980
2016-01-21,9402,9543,9168,9328,19714,-0.00797617781559079,053980
2016-01-22,9346,9449,9215,9262,23677,-0.007075471698113178,053980
2016-01-25,9337,9402,9243,9272,21559,0.0010796804145973837,053980
2016-01-26,9178,9272,9075,9160,19476,-0.012079378774805916,053980
2016-01-27,9084,9252,9065,9206,26604,0.005021834061135433,053980
2016-01-28,9224,9224,9037,9206,23479,0.0,053980
2016-01-29,9252,9252,9093,9206,9747,0.0,053980
2016-02-01,9234,9234,8981,9066,25454,-0.015207473386921522,053980
2016-02-02,8991,9094,8757,8898,52296,-0.018530774321641297,053980
2016-02-03,8841,9019,8374,8636,73341,-0.029444819060463034,053980
2016-02-04,8654,8691,8252,8430,89589,-0.023853635942565954,053980
2016-02-05,8476,8664,8402,8664,43179,0.0277580071174377,053980
2016-02-11,8607,8682,8345,8542,12716,-0.014081255771006496,053980
2016-02-12,8541,8635,7877,8420,59881,-0.014282369468508582,053980
2016-02-15,8420,8701,8130,8430,42878,0.0011876484560569,053980
2016-02-16,8439,8439,8149,8411,49599,-0.0022538552787663146,053980
2016-02-17,8355,8420,8205,8327,21562,-0.009986921888003764,053980
2016-02-18,8420,8420,8139,8327,46917,0.0,053980
2016-02-19,8467,9496,8420,9281,197729,0.11456707097394014,053980
2016-02-22,9543,9543,8832,8935,141351,-0.0372804654670833,053980
2016-02-23,8944,8963,8588,8804,83453,-0.014661443760492499,053980
2016-02-24,8803,8803,8532,8579,59275,-0.025556565197637493,053980
2016-02-25,8607,8907,8514,8720,79333,0.016435481990908052,053980
2016-02-26,8617,8720,8448,8561,45830,-0.018233944954128445,053980
2016-02-29,8570,8598,8280,8561,61425,0.0,053980
2016-03-02,8523,8748,8476,8748,120984,0.02184324261184445,053980
2016-03-03,9281,9824,8869,8954,412954,0.02354823959762231,053980
2016-03-04,8935,9075,8841,8982,40425,0.003127094036184941,053980
2016-03-07,9037,9037,8803,8888,52273,-0.010465375194834148,053980
2016-03-08,8934,8934,8747,8888,36087,0.0,053980
2016-03-09,8888,8991,8794,8982,22432,0.010576057605760525,053980
2016-03-10,8944,9402,8935,9197,75792,0.02393676241371634,053980
2016-03-11,9206,9496,9028,9356,63026,0.01728824616722835,053980
2016-03-14,9496,9730,9355,9730,57439,0.03997434801197097,053980
2016-03-15,9683,10432,9683,10245,163731,0.052929085303186074,053980
2016-03-16,10245,10666,9917,10058,133427,-0.018252806246949693,053980
2016-03-17,10057,10151,9777,10011,74736,-0.004672897196261627,053980
2016-03-18,10010,10197,9776,9917,51427,-0.009389671361502372,053980
2016-03-21,10104,10197,9870,9917,36577,0.0,053980
2016-03-22,9917,10104,9823,9917,35584,0.0,053980
2016-03-23,9730,9823,9355,9543,73243,-0.03771301804981342,053980
2016-03-24,9636,9636,9140,9197,101273,-0.03625694226134335,053980
2016-03-25,9346,9402,9140,9300,28161,0.011199304120909082,053980
2016-03-28,9225,9355,9196,9225,20644,-0.008064516129032251,053980
2016-03-29,9337,9636,9225,9356,22845,0.014200542005420091,053980
2016-03-30,9356,9589,9281,9356,37003,0.0,053980
2016-03-31,9355,9543,9234,9543,45794,0.019987174005985375,053980
2016-04-01,9637,9637,9356,9637,27519,0.009850151943833207,053980
2016-04-04,9589,9730,9243,9281,75101,-0.036940956729272556,053980
2016-04-05,9346,9346,9206,9300,22520,0.0020471931903889296,053980
2016-04-06,9299,9299,9131,9253,35814,-0.005053763440860171,053980
2016-04-07,9253,9356,9216,9216,23376,-0.003998703123311409,053980
2016-04-08,9103,9337,9103,9337,11924,0.013129340277777679,053980
2016-04-11,9356,9871,9272,9684,39147,0.03716397129699045,053980
2016-04-12,9636,9776,9496,9730,15536,0.004750103263114314,053980
2016-04-14,9777,10011,9496,9871,51799,0.014491264131551995,053980
2016-04-15,9870,10151,9824,10058,56610,0.018944382534697546,053980
2016-04-18,10104,10104,9542,9964,40997,-0.009345794392523366,053980
2016-04-19,9964,9964,9777,9871,33141,-0.009333600963468469,053980
2016-04-20,9917,9964,9496,9684,27876,-0.018944382534697546,053980
2016-04-21,9730,9777,9356,9356,32101,-0.03387030152829407,053980
2016-04-22,9346,9636,9075,9543,95826,0.019987174005985375,053980
2016-04-25,9403,9590,9272,9403,36865,-0.014670439065283425,053980
2016-04-26,9281,9355,9206,9281,41471,-0.012974582580027705,053980
2016-04-27,9281,9730,9281,9684,33819,0.04342204503825009,053980
2016-04-28,9590,9917,9496,9590,28731,-0.009706732755059844,053980
2016-04-29,9543,9543,9262,9272,42234,-0.03315954118873832,053980
2016-05-02,9299,9542,9280,9309,22894,0.00399050905953402,053980
2016-05-03,9403,9824,9272,9684,60173,0.0402835965194972,053980
2016-05-04,9683,9777,9356,9450,37123,-0.024163568773234223,053980
2016-05-09,9543,9589,9290,9356,42943,-0.009947089947089927,053980
2016-05-10,9496,9496,9243,9403,53516,0.005023514322360034,053980
2016-05-11,9403,9590,9328,9450,14425,0.0049984047644369145,053980
2016-05-12,9449,9449,9168,9262,53619,-0.019894179894179853,053980
2016-05-13,9319,9347,9262,9291,8641,0.0031310732023321908,053980
2016-05-16,9308,9589,9168,9496,35589,0.022064363362393813,053980
2016-05-17,9496,9543,9187,9328,26794,-0.017691659646166813,053980
2016-05-18,9337,9337,9122,9216,31012,-0.012006861063464824,053980
2016-05-19,9244,9290,9103,9216,31033,0.0,053980
2016-05-20,9224,9262,9140,9206,18630,-0.0010850694444444198,053980
2016-05-23,9225,9225,8944,9160,57851,-0.004996741255702819,053980
2016-05-24,9178,9178,8813,9160,50033,0.0,053980
2016-05-25,9300,9300,9056,9141,12430,-0.0020742358078602585,053980
2016-05-26,9261,9261,8859,9000,41304,-0.015425008204791646,053980
2016-05-27,9066,9066,8869,9010,18371,0.0011111111111110628,053980
2016-05-30,9009,9047,8822,8991,31907,-0.002108768035516073,053980
2016-05-31,8991,8991,8841,8982,15593,-0.0010010010010009784,053980
2016-06-01,8972,8982,8794,8982,44646,0.0,053980
2016-06-02,8944,9169,8813,8982,26773,0.0,053980
2016-06-03,9028,9094,8897,9066,18917,0.009352037408149716,053980
2016-06-07,9047,9543,8944,9356,54503,0.03198764615045224,053980
2016-06-08,9403,11181,9337,10760,402389,0.15006412997007268,053980
2016-06-09,10571,11320,10478,10993,265117,0.021654275092936714,053980
2016-06-10,11087,11601,10946,11321,148776,0.029837169107614026,053980
2016-06-13,11274,11741,11133,11274,81481,-0.004151576715837768,053980
2016-06-14,11321,11414,9777,10058,257091,-0.1078587901365975,053980
2016-06-15,10198,10993,10011,10760,109363,0.06979518791012129,053980
2016-06-16,10806,10900,10151,10479,44388,-0.02611524163568768,053980
2016-06-17,10432,10946,10291,10666,50634,0.017845214237999896,053980
2016-06-20,10666,12163,10666,12163,170240,0.14035252203262694,053980
2016-06-21,12350,12865,12022,12444,178971,0.02310285291457692,053980
2016-06-22,12443,12584,12116,12397,65697,-0.0037769206043073433,053980
2016-06-23,12584,12584,11836,11836,58638,-0.04525288376220049,053980
2016-06-24,11929,12163,10619,10900,158430,-0.07908077053058471,053980
2016-06-27,10245,11367,10245,11134,87475,0.021467889908256987,053980
2016-06-28,11040,11227,10806,11040,33521,-0.008442608227052228,053980
2016-06-29,11133,12022,11133,11882,99368,0.07626811594202909,053980
2016-06-30,11835,12022,11695,11976,52909,0.007911126073051777,053980
2016-07-01,11929,12490,11788,11976,70716,0.0,053980
2016-07-04,11975,12396,11835,12069,82543,0.007765531062124298,053980
2016-07-05,11882,12256,11742,12210,56269,0.011682823763360606,053980
2016-07-06,12162,12349,11648,11648,67997,-0.04602784602784604,053980
2016-07-07,11695,11976,11648,11789,28513,0.012105082417582347,053980
2016-07-08,11928,11975,11461,11461,19140,-0.027822546441598095,053980
2016-07-11,11461,11788,11227,11321,30550,-0.01221533897565652,053980
2016-07-12,11508,11508,11087,11087,43577,-0.02066955215970323,053980
2016-07-13,10993,11087,10619,10947,44822,-0.012627401461170695,053980
2016-07-14,10900,11040,10666,10713,40044,-0.021375719375171243,053980
2016-07-15,10665,10993,10665,10853,24584,0.013068234854849203,053980
2016-07-18,10806,11087,10806,11087,21246,0.021560858748733036,053980
2016-07-19,10946,11882,10946,11789,74075,0.06331739875529907,053980
2016-07-20,11648,11928,11507,11648,47952,-0.01196030197641873,053980
2016-07-21,11648,11788,11321,11555,20890,-0.007984203296703352,053980
2016-07-22,11648,11648,11321,11368,26747,-0.016183470359151908,053980
2016-07-25,11367,11507,11039,11227,27055,-0.012403237156931701,053980
2016-07-26,11367,11508,11180,11321,17143,0.008372673020397237,053980
2016-07-27,11508,11508,10946,11134,33461,-0.01651797544386535,053980
2016-07-28,11321,11321,10900,10947,25896,-0.016795401472965654,053980
2016-07-29,10993,11320,10759,11227,21037,0.025577783867726245,053980
2016-08-01,11227,11320,10853,11087,27205,-0.01246993854101719,053980
2016-08-02,10946,10993,10805,10993,24524,-0.00847839812392892,053980
2016-08-03,10899,11320,10665,11087,27032,0.008550896024743126,053980
2016-08-04,11086,11274,10993,11274,10993,0.016866600523135267,053980
2016-08-05,11227,11648,11180,11508,43288,0.02075572112825963,053980
2016-08-08,11508,11648,10993,11321,31983,-0.01624956551963852,053980
2016-08-09,11508,11508,11134,11134,22387,-0.01651797544386535,053980
2016-08-10,11134,11227,10946,11134,14535,0.0,053980
2016-08-11,11227,11227,10853,11087,24887,-0.00422130411352617,053980
2016-08-12,11133,11133,10899,10993,19817,-0.00847839812392892,053980
2016-08-16,10899,11273,10899,10993,24189,0.0,053980
2016-08-17,10899,11086,10665,10806,31617,-0.017010825070499447,053980
2016-08-18,10853,11040,10759,10900,19346,0.008698870997593922,053980
2016-08-19,11087,11134,10666,10947,18731,0.004311926605504501,053980
2016-08-22,10899,11040,10712,10853,12376,-0.00858682744130812,053980
2016-08-23,10806,10806,10338,10526,42995,-0.030129917995024402,053980
2016-08-24,10713,10713,9917,10105,70345,-0.039996199885996564,053980
2016-08-25,10151,10151,9636,9964,44359,-0.013953488372092981,053980
2016-08-26,9870,10244,9730,10198,26007,0.023484544359694937,053980
2016-08-29,10197,10197,9823,9917,31074,-0.027554422435771775,053980
2016-08-30,9917,10104,9776,9964,22046,0.004739336492890933,053980
2016-08-31,10011,10057,9683,9824,24611,-0.014050582095543995,053980
2016-09-01,9823,9964,9823,9964,6580,0.014250814332247508,053980
2016-09-02,9963,9963,9636,9917,22312,-0.004716981132075526,053980
2016-09-05,9917,10010,9776,9917,19036,0.0,053980
2016-09-06,9917,10057,9729,9917,23922,0.0,053980
2016-09-07,9870,9870,9403,9637,64565,-0.02823434506403144,053980
2016-09-08,9636,9776,9496,9730,21195,0.009650306111860463,053980
2016-09-09,9730,9730,8981,9590,70259,-0.014388489208633115,053980
2016-09-12,9589,9589,9318,9543,34428,-0.004900938477580774,053980
2016-09-13,9402,9542,9346,9496,21902,-0.004925075971916604,053980
2016-09-19,9449,9590,9328,9590,21977,0.009898904802021935,053980
2016-09-20,9356,9777,9356,9637,40054,0.004900938477580885,053980
2016-09-21,9636,10806,9636,10619,173281,0.10189893120265636,053980
2016-09-22,10432,10993,10385,10760,62897,0.013278086448818227,053980
2016-09-23,10572,10853,10478,10666,34870,-0.008736059479553915,053980
2016-09-26,10712,10759,10432,10479,20973,-0.01753234577161078,053980
2016-09-27,10479,10525,10011,10292,17275,-0.017845214237999785,053980
2016-09-28,10385,10666,9590,9824,45330,-0.045472211426350606,053980
2016-09-29,9824,10525,9730,10292,36614,0.04763843648208477,053980
2016-09-30,10291,10385,10151,10198,11333,-0.009133307423241366,053980
2016-10-04,10198,10525,10010,10198,23700,0.0,053980
2016-10-05,10151,10244,10011,10011,16976,-0.018336928809570496,053980
2016-10-06,10010,10197,9683,9730,36495,-0.02806912396364003,053980
2016-10-07,9917,10057,9309,9543,99702,-0.01921891058581704,053980
2016-10-10,9543,9730,9346,9403,54685,-0.014670439065283425,053980
2016-10-11,9318,9543,9318,9543,53675,0.01488886525576949,053980
2016-10-12,9637,9683,9356,9450,33123,-0.009745363093366821,053980
2016-10-13,9496,9542,9309,9309,37434,-0.01492063492063489,053980
2016-10-14,9281,9636,9281,9543,27010,0.025136964228166248,053980
2016-10-17,9823,9823,9356,9356,46998,-0.01959551503720003,053980
2016-10-18,9187,9449,9187,9347,30011,-0.000961949551090191,053980
2016-10-19,9402,9449,9262,9328,11200,-0.0020327377768267763,053980
2016-10-20,9327,9327,9178,9309,20412,-0.0020368782161235277,053980
2016-10-21,9299,9299,8981,9225,49317,-0.009023525620367345,053980
2016-10-24,9141,9243,8991,9113,20628,-0.012140921409214078,053980
2016-10-25,8991,9449,8832,9347,31512,0.02567760342368053,053980
2016-10-26,9318,9318,9009,9253,16309,-0.010056702685353636,053980
2016-10-27,9262,9355,9112,9337,48279,0.009078136820490634,053980
2016-10-28,9309,9403,9216,9319,13649,-0.0019278140730427662,053980
2016-10-31,9355,9355,9018,9075,22539,-0.02618306685266658,053980
2016-11-01,8897,9252,8775,8972,28228,-0.01134986225895318,053980
2016-11-02,8794,8971,8260,8579,36664,-0.04380294248773964,053980
2016-11-03,8420,8681,8251,8551,37355,-0.003263783657769026,053980
2016-11-04,8466,8551,8392,8495,17396,-0.0065489416442521264,053980
2016-11-07,8439,8663,8233,8570,30586,0.008828722778104758,053980
2016-11-08,8569,8635,8308,8308,29463,-0.030571761960326738,053980
2016-11-09,8308,8401,7765,8280,41929,-0.003370245546461259,053980
2016-11-10,8317,8486,8205,8477,29054,0.023792270531400872,053980
2016-11-11,8701,8701,8420,8477,23495,0.0,053980
2016-11-14,8383,8514,8336,8514,9335,0.004364751681019241,053980
2016-11-15,8505,8888,8448,8636,8027,0.01432933991073515,053980
2016-11-16,8551,8645,8486,8486,68876,-0.01736915238536363,053980
2016-11-17,8486,8560,8411,8486,9817,0.0,053980
2016-11-18,8485,8560,8261,8355,11215,-0.015437190666980904,053980
2016-11-21,8354,8364,8046,8280,25380,-0.008976660682226245,053980
2016-11-22,8364,8495,8186,8486,39373,0.024879227053140163,053980
2016-11-23,8522,8532,8317,8317,11159,-0.019915154371906718,053980
2016-11-24,8401,8401,8214,8299,28207,-0.0021642419141517655,053980
2016-11-25,8139,8532,8139,8420,9762,0.014580069887938363,053980
2016-11-28,8504,8504,8289,8495,14206,0.008907363420427528,053980
2016-11-29,8691,8691,8411,8514,7095,0.0022366097704531462,053980
2016-11-30,8523,8551,8392,8458,7203,-0.006577401926239124,053980
2016-12-01,8373,8514,8289,8458,5991,0.0,053980
2016-12-02,8467,8560,8345,8467,3506,0.0010640813431070928,053980
2016-12-05,8420,8598,8046,8280,16703,-0.022085744655722217,053980
2016-12-06,8120,8317,8120,8233,11507,-0.005676328502415506,053980
2016-12-07,8233,8261,7953,8215,29614,-0.0021863233329284526,053980
2016-12-08,8186,8289,8083,8168,16297,-0.005721241631162499,053980
2016-12-09,8149,8149,7849,7962,44237,-0.0252203721841332,053980
2016-12-12,7962,8308,7924,8299,35018,0.0423260487314745,053980
2016-12-13,8242,8401,8186,8289,12213,-0.0012049644535486737,053980
2016-12-14,8429,8429,8167,8280,19526,-0.0010857763300760048,053980
2016-12-15,8280,8495,8205,8486,33683,0.024879227053140163,053980
2016-12-16,8598,8598,8355,8430,33624,-0.006599104407258971,053980
2016-12-19,8354,8513,8251,8261,32758,-0.02004744958481608,053980
2016-12-20,8214,8298,8167,8233,18729,-0.003389420167050017,053980
2016-12-21,8242,8261,8046,8046,32972,-0.022713470180979023,053980
2016-12-22,8055,8149,7952,8037,34322,-0.0011185682326622093,053980
2016-12-23,7999,8046,7980,8009,108120,-0.003483887022520893,053980
2016-12-26,8036,8055,7811,7896,31271,-0.014109127231864194,053980
2016-12-27,7849,7998,7736,7896,25199,0.0,053980
2016-12-28,7896,7906,7728,7906,32918,0.0012664640324215881,053980
2016-12-29,7934,7934,7737,7906,31570,0.0,053980
2017-01-02,7905,7905,7727,7784,19470,-0.015431317986339455,053980
2017-01-03,7756,7934,7756,7934,42888,0.019270298047276535,053980
2017-01-04,7934,7943,7812,7934,27177,0.0,053980
2017-01-05,7906,7952,7812,7953,15572,0.0023947567431308325,053980
2017-01-06,8018,8018,7765,7803,44320,-0.018860807242550015,053980
2017-01-09,7803,7906,7775,7850,27372,0.006023324362424809,053980
2017-01-10,7849,7933,7671,7868,39346,0.0022929936305733367,053980
2017-01-11,7783,7868,7671,7812,53554,-0.007117437722419906,053980
2017-01-12,7812,7830,7681,7756,19212,-0.007168458781361964,053980
2017-01-13,7690,7859,7643,7859,26212,0.01328004125838067,053980
2017-01-16,7868,7868,7681,7728,31135,-0.01666878737752897,053980
2017-01-17,7793,7793,7615,7681,20346,-0.006081780538302328,053980
2017-01-18,7700,7700,7391,7410,47564,-0.03528186434058067,053980
2017-01-19,7428,7578,7316,7391,20337,-0.002564102564102555,053980
2017-01-20,7326,7569,7157,7298,58256,-0.012582871059396594,053980
2017-01-23,7231,7297,7035,7101,43865,-0.026993696903261144,053980
2017-01-24,6923,7026,6642,6830,80998,-0.038163638924095244,053980
2017-01-25,6829,7091,6792,7073,54356,0.03557833089311857,053980
2017-01-26,7017,7288,6876,7279,30931,0.02912484094443668,053980
2017-01-31,7204,7550,7204,7485,67551,0.028300590740486298,053980
2017-02-01,7493,7737,7493,7737,36026,0.03366733466933858,053980
2017-02-02,7737,7811,7652,7737,35796,0.0,053980
2017-02-03,7718,7793,7587,7756,32083,0.002455732195941529,053980
2017-02-06,7756,7812,7746,7775,11808,0.002449716348633224,053980
2017-02-07,7774,7933,7764,7924,43390,0.019163987138263616,053980
2017-02-08,7878,8729,7831,8374,109035,0.05678950025239771,053980
2017-02-09,8430,8551,8093,8374,62738,0.0,053980
2017-02-10,8513,8513,8335,8392,20783,0.0021495103893001133,053980
2017-02-13,8420,8485,8111,8280,17874,-0.013346043851286904,053980
2017-02-14,8279,8420,8167,8308,13830,0.0033816425120773985,053980
2017-02-15,8335,8420,8242,8420,22326,0.013480982185845036,053980
2017-02-16,8458,8608,8383,8608,29152,0.02232779097387172,053980
2017-02-17,8738,8738,8523,8729,20627,0.01405669144981414,053980
2017-02-20,8757,8962,8710,8860,42591,0.015007446442891537,053980
2017-02-21,8888,8906,8775,8860,21760,0.0,053980
2017-02-22,8888,8907,8813,8907,19983,0.005304740406320452,053980
2017-02-23,8925,8963,8794,8879,26321,-0.0031435949253396656,053980
2017-02-24,8888,8981,8747,8832,38752,-0.005293388895145856,053980
2017-02-27,8869,8878,8514,8514,20298,-0.03600543478260865,053980
2017-02-28,8542,8776,8242,8561,33219,0.005520319473807822,053980
2017-03-02,8831,8850,8513,8570,12034,0.0010512790561849616,053980
2017-03-03,8654,8673,8392,8608,23402,0.004434072345390838,053980
2017-03-06,8654,8701,8457,8514,8083,-0.010920074349442421,053980
2017-03-07,8560,8607,8158,8327,42147,-0.021963824289405687,053980
2017-03-08,8326,8401,8111,8280,17313,-0.005644289660141744,053980
2017-03-09,8158,8327,8093,8168,16347,-0.01352657004830915,053980
2017-03-10,8233,8233,7896,8037,28414,-0.016038197845249735,053980
2017-03-13,8074,8401,7990,8009,13300,-0.003483887022520893,053980
2017-03-14,8233,8233,7822,7822,16230,-0.02334873267573978,053980
2017-03-15,7700,7981,7700,7981,15722,0.020327282025057514,053980
2017-03-16,7980,8120,7905,7971,12581,-0.0012529758175666705,053980
2017-03-17,7952,7999,7905,7990,8871,0.0023836406975286106,053980
2017-03-20,8317,8317,7821,7971,25684,-0.0023779724655820234,053980
2017-03-21,7999,8214,7868,8009,4364,0.004767281395056999,053980
2017-03-22,8017,8120,7839,7999,7689,-0.0012485953302534547,053980
2017-03-23,7980,8017,7765,7887,13080,-0.014001750218777365,053980
2017-03-24,7793,7942,7690,7840,20046,-0.00595917332319007,053980
2017-03-27,7821,7905,7672,7672,13469,-0.021428571428571463,053980
2017-03-28,7681,7924,7588,7719,5492,0.00612617309697594,053980
2017-03-29,7644,7793,7578,7719,14578,0.0,053980
2017-03-30,7802,7802,7503,7606,11498,-0.014639201969167015,053980
2017-03-31,7671,7755,7391,7522,25173,-0.011043912700499647,053980
2017-04-03,7400,7840,7400,7775,29662,0.03363467162988565,053980
2017-04-04,7905,8149,7774,8093,16613,0.04090032154340828,053980
2017-04-05,8158,8168,7952,8140,5495,0.005807487952551593,053980
2017-04-06,8055,8168,7999,8140,10148,0.0,053980
2017-04-07,8214,8214,8139,8149,2001,0.0011056511056510843,053980
2017-04-10,8270,8270,7952,8027,7596,-0.014971162105779867,053980
2017-04-11,8270,8298,7849,7971,3510,-0.006976454466176674,053980
2017-04-12,7999,7999,7942,7971,2018,0.0,053980
2017-04-13,7980,8017,7811,7999,13664,0.0035127336595157654,053980
2017-04-14,8130,8130,7952,8093,9400,0.011751468933616671,053980
2017-04-17,8092,8307,8036,8186,27533,0.011491412331644524,053980
2017-04-18,8223,8420,8186,8420,28628,0.028585389689714136,053980
2017-04-19,8504,8869,8139,8832,57611,0.04893111638954872,053980
2017-04-20,8888,8916,8626,8748,17010,-0.009510869565217406,053980
2017-04-21,8971,8971,8522,8710,22002,-0.004343850022862417,053980
2017-04-24,8794,8888,8410,8467,12542,-0.027898966704936856,053980
2017-04-25,8513,8513,8261,8467,19883,0.0,053980
2017-04-26,8589,8589,8327,8346,8181,-0.01429077595370265,053980
2017-04-27,8467,8476,8233,8308,50983,-0.004553079319434494,053980
2017-04-28,8308,8607,8308,8486,35186,0.021425132402503655,053980
2017-05-02,8532,8542,8420,8486,20503,0.0,053980
2017-05-04,8598,8729,8457,8729,32203,0.028635399481498958,053980
2017-05-08,8766,8971,8700,8841,23391,0.012830793905372895,053980
2017-05-10,8841,9028,8804,9010,90127,0.019115484673679406,053980
2017-05-11,9009,9178,9009,9169,43657,0.01764705882352935,053980
2017-05-12,9168,9224,8981,9075,15894,-0.010251935870869255,053980
2017-05-15,9224,9224,8794,8963,21563,-0.0123415977961433,053980
2017-05-16,8963,9075,8888,8963,10939,0.0,053980
2017-05-17,8962,9018,8794,8869,20713,-0.010487559968760496,053980
2017-05-18,8869,8953,8747,8869,22600,0.0,053980
2017-05-19,8859,9149,8747,8869,10859,0.0,053980
2017-05-22,8860,8981,8729,8804,13498,-0.007328898410192797,053980
2017-05-23,8794,8851,8514,8561,39194,-0.02760109041344838,053980
2017-05-24,8617,8738,8448,8608,17315,0.00549001284896633,053980
2017-05-25,8495,8598,8327,8374,40805,-0.02718401486988853,053980
2017-05-26,8504,8504,8335,8448,24570,0.00883687604490091,053980
2017-05-29,8448,8672,8448,8570,32629,0.014441287878787845,053980
2017-05-30,8626,8776,8514,8776,15489,0.024037339556592707,053980
2017-05-31,8823,8954,8692,8926,52613,0.017092069279854183,053980
2017-06-01,8925,8944,8859,8888,16063,-0.004257226081111343,053980
2017-06-02,8934,8934,8831,8869,10487,-0.00213771377137717,053980
2017-06-05,8887,8897,8391,8813,15159,-0.006314127861089203,053980
2017-06-07,8831,8972,8813,8888,12784,0.00851015545217293,053980
2017-06-08,8897,8897,8748,8823,11253,-0.00731323132313233,053980
2017-06-09,8841,8897,8672,8841,19559,0.0020401224073445245,053980
2017-06-12,8897,8906,8607,8738,16835,-0.011650265807035431,053980
2017-06-13,8775,8850,8607,8654,15938,-0.009613183794918712,053980
2017-06-14,8588,8691,8383,8514,66440,-0.016177490177952447,053980
2017-06-15,8645,8645,8364,8430,16600,-0.009866102889358741,053980
2017-06-16,8485,8635,8233,8355,35080,-0.008896797153024938,053980
2017-06-19,8355,8645,8298,8327,14365,-0.0033512866546977493,053980
2017-06-20,8448,8467,8243,8243,14750,-0.010087666626636294,053980
2017-06-21,8251,8429,8242,8308,7520,0.007885478587892791,053980
2017-06-22,8504,8504,8046,8121,24963,-0.022508425613866123,053980
2017-06-23,8186,8196,8037,8168,18906,0.005787464597955871,053980
2017-06-26,8168,8168,8074,8140,2279,-0.003428011753183191,053980
2017-06-27,8139,8607,8111,8495,42189,0.04361179361179368,053980
2017-06-28,8139,8597,8139,8523,19513,0.003296056503825806,053980
2017-06-29,8523,8616,8420,8439,21336,-0.009855684618092275,053980
2017-06-30,8439,8561,8373,8402,7444,-0.004384405735276653,053980
2017-07-03,8401,8513,8232,8261,7134,-0.016781718638419374,053980
2017-07-04,8260,8260,7924,7924,28231,-0.04079409272485168,053980
2017-07-05,8026,8026,7727,7793,30703,-0.01653205451792028,053980
2017-07-06,7952,7952,7625,7747,21258,-0.005902733222122425,053980
2017-07-07,7831,7831,7485,7747,42188,0.0,053980
2017-07-10,7858,7858,7699,7765,11035,0.0023234800567961678,053980
2017-07-11,7812,7887,7765,7775,11800,0.0012878300064391723,053980
2017-07-12,7727,7840,7643,7756,6610,-0.0024437299035370286,053980
2017-07-13,7793,7793,7418,7578,33298,-0.02294997421351208,053980
2017-07-14,7578,7643,7437,7550,9797,-0.003694906307732948,053980
2017-07-17,7493,7577,7315,7475,24314,-0.009933774834437137,053980
2017-07-18,7381,7465,7288,7419,17051,-0.007491638795986577,053980
2017-07-19,7418,8897,7400,7896,190831,0.06429437929640103,053980
2017-07-20,7933,8307,7858,8261,21815,0.04622593718338397,053980
2017-07-21,8260,8317,7961,7999,15676,-0.03171528870596785,053980
2017-07-24,8074,8074,7802,7859,9061,-0.017502187773471678,053980
2017-07-25,7933,7933,7597,7597,22397,-0.03333757475505794,053980
2017-07-26,7578,7821,7456,7653,53763,0.007371330788469077,053980
2017-07-27,7849,7849,7475,7569,16422,-0.010976087808702517,053980
2017-07-28,7550,7755,7428,7625,24906,0.007398599550799245,053980
2017-07-31,7634,7672,7456,7644,7903,0.002491803278688476,053980
2017-08-01,7493,8139,7493,8102,22013,0.05991627420198853,053980
2017-08-02,7924,8373,7924,8177,34305,0.00925697358676869,053980
2017-08-03,8177,8317,7962,8084,15068,-0.011373364314540835,053980
2017-08-04,8252,8373,7765,8243,14944,0.019668480950024714,053980
2017-08-07,8373,8373,7831,7962,24146,-0.03408953051073638,053980
2017-08-08,7831,7990,7774,7962,16291,0.0,053980
2017-08-09,7793,8027,7783,7868,5126,-0.011806078874654569,053980
2017-08-10,7867,7896,7634,7896,30772,0.003558718861210064,053980
2017-08-11,7914,7943,7690,7784,1597,-0.014184397163120588,053980
2017-08-14,7933,7933,7503,7784,6042,0.0,053980
2017-08-16,7625,7765,7625,7719,13002,-0.008350462487153099,053980
2017-08-17,7783,7783,7550,7653,16539,-0.008550330353672808,053980
2017-08-18,7662,7737,7503,7719,10309,0.008624068992551859,053980
2017-08-21,7644,7765,7503,7644,18502,-0.009716284492809923,053980
2017-08-22,7597,7643,7475,7513,23395,-0.01713762428048138,053980
2017-08-23,7494,7840,7409,7569,11501,0.007453746838812725,053980
2017-08-24,7803,7812,7531,7644,4408,0.009908838684106192,053980
2017-08-25,7643,7643,7390,7447,38158,-0.025771847200418585,053980
2017-08-28,7484,7568,7428,7503,3640,0.007519806633543791,053980
2017-08-29,7578,7578,7447,7560,9563,0.007596961215513787,053980
2017-08-30,7624,7681,7484,7681,20210,0.016005291005291022,053980
2017-08-31,7718,7718,7597,7672,8635,-0.001171722431975053,053980
2017-09-01,7671,7690,7540,7606,13844,-0.0086027111574557,053980
2017-09-04,7578,7644,7391,7401,26182,-0.026952405995266937,053980
2017-09-05,7456,7606,7326,7326,22118,-0.010133765707336817,053980
2017-09-06,7259,7484,7259,7475,7482,0.02033852033852024,053980
2017-09-07,7475,7568,7419,7569,15387,0.012575250836120322,053980
2017-09-08,7718,7718,7559,7662,11058,0.012286959968291766,053980
2017-09-11,7578,7737,7578,7700,24811,0.004959540589924316,053980
2017-09-12,7671,7727,7596,7625,16599,-0.009740259740259716,053980
2017-09-13,7662,7662,7550,7616,8138,-0.001180327868852471,053980
2017-09-14,7672,7709,7494,7672,16346,0.007352941176470562,053980
2017-09-15,7709,7747,7559,7747,27629,0.009775808133472452,053980
2017-09-18,7690,7756,7634,7747,25423,0.0,053980
2017-09-19,7699,8083,7699,7999,23359,0.03252872079514657,053980
2017-09-20,7999,8092,7868,8018,23780,0.002375296912114022,053980
2017-09-21,8093,8093,7587,7878,13672,-0.01746071339486155,053980
2017-09-22,7905,7905,7503,7634,28753,-0.03097232800203098,053980
2017-09-25,7634,7652,7447,7447,16658,-0.02449567723342938,053980
2017-09-26,7222,7512,7222,7391,23235,-0.00751980663354368,053980
2017-09-27,7485,7485,7288,7401,9756,0.001352996888107194,053980
2017-09-28,7372,7447,7297,7391,17251,-0.001351168760978294,053980
2017-09-29,7456,7456,7344,7410,6833,0.0025706940874035134,053980
2017-10-10,7559,7559,7156,7157,19924,-0.034143049932523595,053980
2017-10-11,7156,7184,6801,6848,51241,-0.04317451446136644,053980
2017-10-12,6829,6885,6670,6811,23838,-0.0054030373831776,053980
2017-10-13,6811,6829,6408,6521,62088,-0.042578182352077554,053980
2017-10-16,6493,6502,6165,6250,66843,-0.04155804324490109,053980
2017-10-17,6146,6473,6118,6268,56061,0.0028799999999999937,053980
2017-10-18,6268,6268,6081,6203,47683,-0.010370134014039523,053980
2017-10-19,6146,6146,5894,5969,80800,-0.03772368208931165,053980
2017-10-20,5950,5968,5557,5838,168233,-0.021946724744513313,053980
2017-10-23,5837,5940,5800,5866,42401,0.004796163069544335,053980
2017-10-24,5866,6016,5810,5857,30169,-0.0015342652574156235,053980
2017-10-25,5819,5931,5669,5698,41784,-0.0271470035854533,053980
2017-10-26,5707,5800,5669,5782,37361,0.014742014742014753,053980
2017-10-27,5791,5978,5716,5894,44179,0.01937046004842613,053980
2017-10-30,5987,6417,5894,6287,75973,0.06667797760434335,053980
2017-10-31,6306,6324,6156,6222,24480,-0.010338794337521828,053980
2017-11-01,6240,6661,6211,6661,52385,0.07055609128897466,053980
2017-11-02,6782,6848,6558,6689,59161,0.0042035730370815205,053980
2017-11-03,6698,6811,6362,6437,13969,-0.03767379279413963,053980
2017-11-06,6493,6596,6334,6456,3024,0.002951685567811113,053980
2017-11-07,6455,6455,6015,6203,29679,-0.03918835192069392,053980
2017-11-08,6202,6286,6090,6268,6826,0.010478800580364434,053980
2017-11-09,6268,6268,5987,6081,41327,-0.02983407785577541,053980
2017-11-10,6081,6119,5988,6119,14712,0.0062489722085183885,053980
2017-11-13,6118,6567,6034,6493,45967,0.061121098218663183,053980
2017-11-14,6493,6596,6371,6568,15387,0.011550900970275668,053980
2017-11-15,6624,6923,6511,6802,33721,0.0356272838002436,053980
2017-11-16,6914,6914,6689,6858,16641,0.008232872684504455,053980
2017-11-17,6886,6914,6764,6886,11680,0.00408282298046081,053980
2017-11-20,6876,6876,6586,6643,30799,-0.03528899215800174,053980
2017-11-21,6595,6689,6408,6549,46081,-0.014150233328315553,053980
2017-11-22,6548,6698,6361,6371,18930,-0.027179722094976322,053980
2017-11-23,6389,6408,6165,6315,57566,-0.008789828912258657,053980
2017-11-24,6314,6342,6155,6240,57606,-0.01187648456057011,053980
2017-11-27,6277,7007,6212,6633,159439,0.06298076923076934,053980
2017-11-28,6726,6820,6548,6792,47779,0.023971053821800092,053980
2017-11-29,6680,6755,6511,6568,39422,-0.03297997644287398,053980
2017-11-30,6567,6707,6455,6661,36425,0.014159561510353136,053980
2017-12-01,6698,6698,6483,6586,27686,-0.011259570635039795,053980
2017-12-04,6586,6595,6436,6530,21957,-0.008502884907379271,053980
2017-12-05,6614,6745,6446,6680,26998,0.02297090352220521,053980
2017-12-06,6726,6726,6558,6605,16921,-0.011227544910179632,053980
2017-12-07,6539,6754,6314,6399,22372,-0.0311884935654807,053980
2017-12-08,6399,6455,6287,6353,13046,-0.007188623222378454,053980
2017-12-11,6334,6511,6221,6409,65748,0.008814733196914837,053980
2017-12-12,6380,6511,6296,6399,44502,-0.0015603058199407105,053980
2017-12-13,6399,6456,6306,6456,20269,0.00890764181903414,053980
2017-12-14,6474,6492,6305,6362,22218,-0.014560099132589821,053980
2017-12-15,6305,6352,6156,6259,30158,-0.016189877397044916,053980
2017-12-18,6306,6306,6081,6119,40998,-0.022367790381850106,053980
2017-12-19,6071,6156,5800,5969,32497,-0.02451380944598791,053980
2017-12-20,5838,5988,5838,5960,187843,-0.0015077902496229978,053980
2017-12-21,5847,6015,5819,5885,18821,-0.012583892617449632,053980
2017-12-22,5894,5894,5698,5829,31957,-0.009515717926932843,053980
2017-12-26,5800,5913,5707,5829,17092,0.0,053980
2017-12-27,5847,5987,5800,5885,20605,0.009607136730142463,053980
2017-12-28,5885,5922,5819,5857,12295,-0.004757858963466477,053980
2018-01-02,5912,5912,5818,5847,72644,-0.0017073587160661985,053980
2018-01-03,5894,6053,5875,5988,40392,0.024114930733709627,053980
2018-01-04,6081,6146,5987,6081,34012,0.015531062124248596,053980
2018-01-05,6155,6164,5659,6034,98913,-0.007728991942114738,053980
2018-01-08,6034,6689,5894,6568,211601,0.08849850845210483,053980
2018-01-09,6568,8533,6352,8533,1022611,0.29917783191230196,053980
2018-01-10,9730,10899,9402,9964,3542306,0.16770186335403725,053980
2018-01-11,9683,9683,9196,9356,703529,-0.06101967081493376,053980
2018-01-12,9280,9355,8785,8785,480884,-0.06103035485250108,053980
2018-01-15,8785,9009,8495,8776,331427,-0.0010244735344336897,053980
2018-01-16,8831,9496,8607,9150,766828,0.042616226071102936,053980
2018-01-17,9300,10011,8972,9291,957802,0.015409836065573668,053980
2018-01-18,9542,9729,9177,9496,294316,0.022064363362393813,053980
2018-01-19,9496,9917,9318,9824,280346,0.034540859309182714,053980
2018-01-22,10244,10244,9543,9543,188994,-0.02860342019543971,053980
2018-01-23,9542,9963,9262,9917,273828,0.03919103007440006,053980
2018-01-24,9870,9917,9496,9637,232081,-0.02823434506403144,053980
2018-01-25,9637,10011,9496,9871,178729,0.02428141537822981,053980
2018-01-26,9917,10805,9776,9917,569207,0.004660115489818706,053980
2018-01-29,9917,9964,9590,9590,112235,-0.032973681556922485,053980
2018-01-30,9637,9637,9262,9637,167772,0.004900938477580885,053980
2018-01-31,9543,9683,9309,9328,116762,-0.03206392030714955,053980
2018-02-01,9355,9683,9252,9262,155784,-0.007075471698113178,053980
2018-02-02,9356,9449,8888,8982,110929,-0.030231051608723858,053980
2018-02-05,8888,8888,8486,8767,69862,-0.02393676241371634,053980
2018-02-06,8326,8701,8308,8701,140934,-0.007528230865746499,053980
2018-02-07,8700,8897,8532,8551,81145,-0.0172393977703712,053980
2018-02-08,8513,8681,8260,8420,95640,-0.015319845632089768,053980
2018-02-09,8092,8420,8045,8205,81194,-0.025534441805225683,053980
2018-02-12,8429,8429,8036,8196,63382,-0.001096892138939709,053980
2018-02-13,8270,8420,8139,8308,29819,0.013665202537823218,053980
2018-02-14,8308,8785,8270,8748,121904,0.052961001444390865,053980
2018-02-19,8888,9188,8701,9029,180761,0.03212162780064021,053980
2018-02-20,9028,9682,8887,9131,318048,0.011296932107653035,053980
2018-02-21,9243,9776,9131,9543,134036,0.045121016318037555,053980
2018-02-22,9683,9729,9355,9496,94373,-0.004925075971916604,053980
2018-02-23,9636,9823,9402,9730,84969,0.024641954507161,053980
2018-02-26,9730,12209,9730,10853,2776942,0.11541623843782123,053980
2018-02-27,10899,11648,10712,11648,619750,0.07325163549249059,053980
2018-02-28,11882,12256,10759,11040,500126,-0.052197802197802234,053980
2018-03-02,10900,13286,10525,10947,2433716,-0.008423913043478226,053980
2018-03-05,11087,11835,10946,11742,430656,0.07262263633872301,053980
2018-03-06,12022,12256,11601,11695,229697,-0.004002725259751316,053980
2018-03-07,11695,11929,11227,11368,176873,-0.02796066695168875,053980
2018-03-08,11648,12537,11274,12257,368601,0.07820197044334964,053980
2018-03-09,12116,13099,12069,12678,307274,0.03434771967039252,053980
2018-03-12,12771,13099,12537,12678,164864,0.0,053980
2018-03-13,12911,13706,12069,12303,731242,-0.02957879791765261,053980
2018-03-14,12162,12443,11741,11882,150873,-0.03421929610664065,053980
2018-03-15,11835,12069,11554,11976,125290,0.007911126073051777,053980
2018-03-16,12069,12069,11742,11976,46314,0.0,053980
2018-03-19,12115,12162,11367,11414,122844,-0.04692718770875082,053980
2018-03-20,11368,11648,11321,11602,28882,0.0164710005256703,053980
2018-03-21,11507,11601,11227,11274,77654,-0.028270987760730892,053980
2018-03-22,11414,11835,11367,11742,140729,0.04151144225651948,053980
2018-03-23,11601,11741,11133,11274,84907,-0.03985692386305573,053980
2018-03-26,11414,11742,10759,11742,83917,0.04151144225651948,053980
2018-03-27,11975,12069,11648,11929,127188,0.015925736671776436,053980
2018-03-28,11788,11835,11554,11695,61339,-0.019616061698382148,053980
2018-03-29,11788,12069,11554,12069,68899,0.03197947840957682,053980
2018-03-30,12162,12303,11882,11929,90563,-0.01159996685723752,053980
2018-04-02,12069,12303,11742,11789,66422,-0.011736105289630316,053980
2018-04-03,11789,12163,11601,11789,92290,0.0,053980
2018-04-04,11835,11835,11507,11648,58551,-0.01196030197641873,053980
2018-04-05,11788,11788,11227,11227,81711,-0.03614354395604391,053980
2018-04-06,11134,11929,11134,11836,96798,0.05424423265342471,053980
2018-04-09,11835,12911,11835,12210,219614,0.03159851301115246,053980
2018-04-10,12303,12443,11976,12210,54466,0.0,053980
2018-04-11,12162,12349,11694,11882,116859,-0.02686322686322684,053980
2018-04-12,11788,11975,11648,11695,58856,-0.01573809123043257,053980
2018-04-13,11694,11881,11460,11648,102234,-0.004018811457887961,053980
2018-04-16,11695,11789,11461,11602,61047,-0.003949175824175866,053980
2018-04-17,11695,12210,11508,12210,72507,0.05240475780037923,053980
2018-04-18,12350,12396,11695,11929,70733,-0.02301392301392302,053980
2018-04-19,11975,12069,11554,11695,74032,-0.019616061698382148,053980
2018-04-20,11695,11975,11695,11695,45713,0.0,053980
2018-04-23,11694,11694,11273,11414,73839,-0.024027362120564333,053980
2018-04-24,11320,11507,11180,11414,69304,0.0,053980
2018-04-25,11367,11414,10759,10806,68220,-0.05326791659365693,053980
2018-04-26,10806,11321,10806,10947,49755,0.013048306496390882,053980
2018-04-27,11040,11133,10291,10432,131509,-0.047044852470996656,053980
2018-04-30,10479,10572,9871,10105,57371,-0.031345858895705514,053980
2018-05-02,10104,10198,9683,9824,84356,-0.027808015833745703,053980
2018-05-03,9823,10151,9777,10011,43815,0.019035016286645057,053980
2018-05-04,10104,10151,9777,10011,32317,0.0,053980
2018-05-08,10010,10010,9496,9496,40289,-0.05144341224652882,053980
2018-05-09,9402,10010,9262,9964,91811,0.04928390901432178,053980
2018-05-10,10057,10057,9777,10011,22122,0.004716981132075526,053980
2018-05-11,10104,10244,9776,10198,31701,0.01867945260213766,053980
2018-05-14,10244,10759,10104,10666,87583,0.04589135124534227,053980
2018-05-15,10572,10900,10011,10479,114361,-0.01753234577161078,053980
2018-05-16,10151,10338,9917,10058,39417,-0.04017558927378562,053980
2018-05-17,9917,10151,9589,9777,63891,-0.02793795983296876,053980
2018-05-18,9823,10197,9683,10151,25687,0.03825304285568176,053980
2018-05-21,10105,10151,9964,10105,20067,-0.004531573244015319,053980
2018-05-23,9917,10151,9730,9777,35315,-0.03245917862444336,053980
2018-05-24,9683,10104,9636,9730,38359,-0.004807200572772841,053980
2018-05-25,9449,9824,9449,9824,18175,0.009660842754367849,053980
2018-05-28,9777,9917,9543,9637,47654,-0.019035016286644946,053980
2018-05-29,9589,10478,9496,10385,65706,0.07761751582442677,053980
2018-05-30,10385,10806,10011,10479,71247,0.009051516610495858,053980
2018-05-31,10479,10806,10105,10760,47015,0.02681553583357199,053980
2018-06-01,10759,11087,10291,10900,72245,0.013011152416356975,053980
2018-06-04,11087,11133,10572,10666,15792,-0.021467889908256876,053980
2018-06-05,11039,11039,9963,10338,59998,-0.030751921995124665,053980
2018-06-07,10432,10432,9964,10245,29510,-0.008995937318630243,053980
2018-06-08,10151,10244,9963,10151,40637,-0.00917520741825284,053980
2018-06-11,10057,10338,10057,10151,26874,0.0,053980
2018-06-12,10151,10151,9683,9777,34836,-0.03684366072308143,053980
2018-06-14,9590,9777,9318,9590,70093,-0.01912652142784088,053980
2018-06-15,9449,9543,9290,9356,26117,-0.024400417101147043,053980
2018-06-18,9356,9356,8794,8907,63442,-0.04799059427105601,053980
2018-06-19,8795,9150,8710,8795,34578,-0.01257437970135844,053980
2018-06-20,8747,9590,8747,9169,52219,0.04252416145537241,053980
2018-06-21,9403,10338,9403,9403,134151,0.0255207765296106,053980
2018-06-22,9402,9917,9168,9496,39368,0.009890460491332576,053980
2018-06-25,9590,9730,9291,9684,18354,0.01979780960404387,053980
2018-06-26,9496,9824,9318,9403,22989,-0.0290169351507642,053980
2018-06-27,9403,9496,9281,9403,19667,0.0,053980
2018-06-28,9496,9683,9308,9496,13394,0.009890460491332576,053980
2018-06-29,9636,9636,9309,9543,12104,0.0049494524010109675,053980
2018-07-02,9683,9963,9449,9730,52071,0.01959551503720003,053980
2018-07-03,9683,9824,9328,9403,34194,-0.033607399794450155,053980
2018-07-04,9542,9542,9308,9496,25019,0.009890460491332576,053980
2018-07-05,9543,10198,9543,10198,122516,0.07392586352148278,053980
2018-07-06,10198,10292,9730,9871,43206,-0.03206511080604035,053980
2018-07-09,9963,10010,9636,9917,21511,0.004660115489818706,053980
2018-07-10,9871,10011,9777,9871,19250,-0.004638499546233743,053980
2018-07-11,9870,9917,9543,9777,25270,-0.00952284469658593,053980
2018-07-12,9776,9870,9636,9730,13406,-0.004807200572772841,053980
2018-07-13,9823,9870,9543,9777,22629,0.004830421377183924,053980
2018-07-16,9777,9777,9543,9637,13543,-0.01431932085506804,053980
2018-07-17,9637,9824,9543,9684,16823,0.0048770364221231155,053980
2018-07-18,9589,9917,9496,9777,38753,0.009603469640644402,053980
2018-07-19,9870,9870,8888,9281,81038,-0.05073130817224092,053980
2018-07-20,9346,9496,9187,9356,32020,0.008081025751535353,053980
2018-07-23,9356,9356,9122,9216,6197,-0.014963659683625452,053980
2018-07-24,9346,9346,8991,9169,21500,-0.0050998263888888395,053980
2018-07-25,9177,9355,8700,8841,16296,-0.035772712400479856,053980
2018-07-26,8672,9075,8672,8963,14381,0.013799343965614774,053980
2018-07-27,9262,9262,8878,9122,19886,0.017739596117371415,053980
2018-07-30,9272,9272,8879,9057,12532,-0.007125630344222755,053980
2018-07-31,9056,9169,8860,8982,7777,-0.008280887711162643,053980
2018-08-01,9253,9253,8888,9057,26792,0.008350033400133627,053980
2018-08-02,9056,9056,8915,8972,6132,-0.009385006072651025,053980
2018-08-03,9150,9150,8878,8963,7607,-0.001003120820329939,053980
2018-08-06,8962,9159,8925,8991,5937,0.0031239540332477223,053980
2018-08-07,8907,9159,8888,9141,11632,0.016683350016683418,053980
2018-08-08,9197,9197,8944,9197,22599,0.006126244393392488,053980
2018-08-09,9337,9870,9299,9730,53318,0.05795368054800476,053980
2018-08-10,9683,9824,9403,9637,31309,-0.00955806783144908,053980
2018-08-13,9636,9636,9187,9300,16540,-0.03496938881394629,053980
2018-08-14,9169,9543,9141,9403,42429,0.01107526881720422,053980
2018-08-16,9403,9403,9234,9319,14139,-0.008933319153461627,053980
2018-08-17,9281,9356,9206,9356,11336,0.003970383088314211,053980
2018-08-20,9449,9542,9318,9337,5549,-0.0020307823856349216,053980
2018-08-21,9355,9355,9234,9337,9467,0.0,053980
2018-08-22,9450,9824,9337,9684,48041,0.03716397129699045,053980
2018-08-23,9730,9917,9636,9824,32978,0.014456836018174268,053980
2018-08-24,9870,10198,9589,9777,31829,-0.004784201954397438,053980
2018-08-27,9683,9823,9355,9730,27681,-0.004807200572772841,053980
2018-08-28,9730,9917,9542,9730,9407,0.0,053980
2018-08-29,9824,9870,9356,9403,48858,-0.033607399794450155,053980
2018-08-30,9496,9496,9328,9403,13249,0.0,053980
2018-08-31,9402,9589,9318,9543,23584,0.01488886525576949,053980
2018-09-03,9543,9683,9281,9403,23288,-0.014670439065283425,053980
2018-09-04,9356,9403,9234,9347,16740,-0.005955546102307752,053980
2018-09-05,9346,9542,9252,9337,28963,-0.0010698619878035664,053980
2018-09-06,9403,10011,9244,9684,92769,0.03716397129699045,053980
2018-09-07,9637,9917,9543,9637,52863,-0.004853366377529977,053980
2018-09-10,9683,9683,9449,9637,24853,0.0,053980
2018-09-11,9683,9823,9589,9777,25746,0.014527342533983578,053980
2018-09-12,9777,9964,9730,9824,34635,0.004807200572772841,053980
2018-09-13,9823,9823,9636,9730,15955,-0.009568403908794765,053980
2018-09-14,9730,10011,9730,9871,36039,0.014491264131551995,053980
2018-09-17,9870,10010,9730,9777,20328,-0.00952284469658593,053980
2018-09-18,9683,9824,9543,9637,15967,-0.01431932085506804,053980
2018-09-19,9543,9730,9496,9590,19881,-0.0048770364221231155,053980
2018-09-20,9636,9683,9299,9328,29851,-0.027320125130344097,053980
2018-09-21,9327,9402,9253,9356,17492,0.003001715265866123,053980
2018-09-27,9402,9496,9243,9309,19171,-0.005023514322360034,053980
2018-09-28,9402,9402,9159,9206,15330,-0.011064561177355214,053980
2018-10-01,9206,9252,8990,9150,23083,-0.0060829893547685865,053980
2018-10-02,9112,9159,8888,8963,22220,-0.020437158469945316,053980
2018-10-04,8887,8953,8420,8813,30166,-0.01673546803525605,053980
2018-10-05,8569,8747,8466,8710,14980,-0.011687280154317525,053980
2018-10-08,8653,8766,8607,8710,19476,0.0,053980
2018-10-10,8607,8700,8326,8570,31273,-0.016073478760045945,053980
2018-10-11,8158,8579,7859,7981,40588,-0.06872812135355888,053980
2018-10-12,7868,7990,7756,7906,32263,-0.009397318631750418,053980
2018-10-15,7812,7943,7559,7672,32212,-0.029597773842651165,053980
2018-10-16,7428,7727,7428,7634,44087,-0.004953076120959299,053980
2018-10-17,7681,7896,7671,7784,13132,0.019648938957296247,053980
2018-10-18,7858,8026,7624,7896,9798,0.014388489208633004,053980
2018-10-19,7990,7990,7672,7934,10933,0.0048125633232016796,053980
2018-10-22,7859,7999,7765,7934,9440,0.0,053980
2018-10-23,7821,7914,7671,7784,19664,-0.018905974287874994,053980
2018-10-24,7858,7858,7456,7578,16363,-0.026464542651593037,053980
2018-10-25,7203,7428,6660,6689,96085,-0.11731327527051993,053980
2018-10-26,6670,6754,5603,5978,246714,-0.10629391538346544,053980
2018-10-29,5781,6137,5762,5819,72157,-0.02659752425560391,053980
2018-10-30,5800,5809,5444,5604,61949,-0.0369479291974566,053980
2018-10-31,5585,6175,5548,6175,106025,0.10189150606709485,053980
2018-11-01,6183,6941,6183,6764,73516,0.0953846153846154,053980
2018-11-02,6801,6988,6651,6811,42338,0.006948551153163729,053980
2018-11-05,6764,6848,6670,6830,5854,0.0027896050506532877,053980
2018-11-06,6866,7016,6735,6923,21776,0.01361639824304528,053980
2018-11-07,7007,7035,6811,6914,14349,-0.0013000144446049244,053980
2018-11-08,7016,7016,6838,6923,34721,0.0013017066820943946,053980
2018-11-09,6848,6988,6782,6848,16637,-0.010833453705041185,053980
2018-11-12,6829,6829,6642,6727,17472,-0.017669392523364524,053980
2018-11-13,6764,6764,6408,6549,10948,-0.02646053218373723,053980
2018-11-14,6623,6829,6418,6549,12562,0.0,053980
2018-11-15,6642,6671,6455,6671,10390,0.01862879828981523,053980
2018-11-16,6773,6773,6539,6736,7380,0.009743666616699231,053980
2018-11-19,6895,6923,6745,6858,7464,0.018111638954869447,053980
2018-11-20,6848,6848,6567,6764,10592,-0.01370662000583256,053980
2018-11-21,6736,6736,6549,6699,3840,-0.009609698403311606,053980
2018-11-22,6699,6736,6493,6643,20894,-0.008359456635318674,053980
2018-11-23,6642,6735,6455,6661,5286,0.002709619147975406,053980
2018-11-26,6661,6736,6567,6652,6606,-0.0013511484762047665,053980
2018-11-27,6642,6801,6455,6586,23843,-0.00992182802164765,053980
2018-11-28,6455,6605,6361,6549,17165,-0.005617977528089901,053980
2018-11-29,6558,6782,6483,6605,7926,0.008550923805161093,053980
2018-11-30,6549,6605,6455,6549,2031,-0.008478425435276327,053980
2018-12-03,6596,6596,6362,6409,10107,-0.02137730951290273,053980
2018-12-04,6408,6539,6221,6315,20460,-0.014666874707442656,053980
2018-12-05,6268,6277,5921,6081,75127,-0.03705463182897861,053980
2018-12-06,5978,6072,5744,5885,13467,-0.03223154086498936,053980
2018-12-07,5950,5950,5801,5932,10602,0.007986406117247213,053980
2018-12-10,5912,5922,5538,5576,26972,-0.060013486176668907,053980
2018-12-11,5557,5678,5444,5632,34191,0.010043041606886627,053980
2018-12-12,5632,5744,5613,5698,11701,0.01171875,053980
2018-12-13,5698,5735,5585,5698,12649,0.0,053980
2018-12-14,5660,5744,5613,5660,6502,-0.006669006669006716,053980
2018-12-17,5660,5772,5567,5670,15699,0.0017667844522968323,053980
2018-12-18,5669,5837,5519,5772,19660,0.017989417989418,053980
2018-12-19,5772,5941,5772,5857,8019,0.014726264726264704,053980
2018-12-20,5810,7503,5810,7148,944285,0.22042001024415225,053980
2018-12-21,7194,7194,6801,6970,209260,-0.02490207050923332,053980
2018-12-24,6858,6961,6278,6278,99155,-0.09928263988522235,053980
2018-12-26,6081,6183,5791,5922,70177,-0.056705957311245614,053980
2018-12-27,5987,6118,5922,6053,25639,0.022120905099628496,053980
2018-12-28,6118,6314,6062,6296,28355,0.040145382454980894,053980
2019-01-02,6455,6670,6155,6212,89971,-0.013341804320203265,053980
2019-01-03,6511,6511,6174,6259,28156,0.0075660012878300265,053980
2019-01-04,6146,6446,6081,6259,16822,0.0,053980
2019-01-07,6277,6483,6221,6315,19058,0.008947116152740131,053980
2019-01-08,6315,6446,6240,6250,13956,-0.010292953285827355,053980
2019-01-09,6315,6324,6240,6259,9691,0.0014400000000001079,053980
2019-01-10,6287,6361,6258,6287,6487,0.0044735580763699545,053980
2019-01-11,6361,6427,6202,6418,11553,0.020836647049467194,053980
2019-01-14,6446,6474,6352,6409,17777,-0.0014023060143346644,053980
2019-01-15,6361,6511,6361,6446,13291,0.005773131533780562,053980
2019-01-16,6567,6567,6362,6465,20317,0.0029475643810115137,053980
2019-01-17,6465,6549,6437,6484,15331,0.0029389017788090666,053980
2019-01-18,6511,6707,6324,6689,42991,0.03161628624305979,053980
2019-01-21,6689,7007,6689,6961,55690,0.04066377634923013,053980
2019-01-22,7063,7063,6773,6914,25180,-0.006751903462146269,053980
2019-01-23,6829,7194,6829,7157,46508,0.03514608041654621,053980
2019-01-24,7120,7344,7101,7223,16816,0.009221740952913171,053980
2019-01-25,7222,7334,7082,7185,35211,-0.005260971895334365,053980
2019-01-28,7185,7409,7185,7288,27035,0.0143354210160056,053980
2019-01-29,7279,7400,7204,7298,31030,0.0013721185510429112,053980
2019-01-30,7260,7391,7241,7298,9251,0.0,053980
2019-01-31,7297,7410,7195,7326,25813,0.003836667580158881,053980
2019-02-01,7325,7372,7259,7344,10709,0.002457002457002533,053980
2019-02-07,7466,7466,7073,7195,25014,-0.020288671023965144,053980
2019-02-08,7194,7447,7016,7073,18795,-0.016956219596942268,053980
2019-02-11,7036,7110,6811,6877,19056,-0.0277110137141241,053980
2019-02-12,6791,6876,6735,6820,8952,-0.008288497891522417,053980
2019-02-13,6801,6857,6408,6558,33320,-0.03841642228739006,053980
2019-02-14,6511,6736,6483,6680,13728,0.01860323269289421,053980
2019-02-15,6679,6745,6492,6586,13134,-0.014071856287425133,053980
2019-02-18,6549,6736,6427,6465,48096,-0.018372304889158864,053980
2019-02-19,6614,6914,6465,6905,46309,0.06805877803557614,053980
2019-02-20,6970,7044,6876,7045,25298,0.020275162925416312,053980
2019-02-21,7045,7185,6942,7092,26209,0.006671398154719732,053980
2019-02-22,7138,7148,7017,7092,6318,0.0,053980
2019-02-25,7091,7156,7025,7110,10730,0.002538071065989911,053980
2019-02-26,7119,7147,6829,6848,19638,-0.03684950773558371,053980
2019-02-27,6867,6998,6857,6998,16014,0.021904205607476745,053980
2019-02-28,7007,7250,6941,7101,32843,0.014718490997427836,053980
2019-03-04,7100,7297,6988,7157,25256,0.007886213209407078,053980
2019-03-05,7269,7456,7110,7354,51228,0.027525499510968388,053980
2019-03-06,7624,8326,7484,7784,404141,0.05847158009246667,053980
2019-03-07,7680,7942,7680,7793,65765,0.0011562178828365965,053980
2019-03-08,7793,8186,7737,8093,162437,0.03849608623123313,053980
2019-03-11,8036,8167,7934,8065,32709,-0.0034597800568392234,053980
2019-03-12,8064,8139,7952,8046,38800,-0.0023558586484810906,053980
2019-03-13,8168,8168,7915,8009,33686,-0.004598558289833465,053980
2019-03-14,8045,8616,8045,8551,127539,0.06767386689973787,053980
2019-03-15,8486,8720,8411,8720,94901,0.0197637703192608,053980
2019-03-18,8776,9403,8776,9085,196351,0.04185779816513757,053980
2019-03-19,9046,9159,8448,8523,102644,-0.06186020913593837,053980
2019-03-20,8514,8645,8308,8636,41703,0.013258242402909737,053980
2019-03-21,8569,8719,8504,8710,19240,0.008568781843446116,053980
2019-03-22,8710,8850,8663,8757,30206,0.0053960964408725776,053980
2019-03-25,8729,8747,8280,8280,35825,-0.054470709146968166,053980
2019-03-26,8308,8364,8270,8299,21653,0.002294685990338108,053980
2019-03-27,8251,8420,8120,8149,22008,-0.018074466803229328,053980
2019-03-28,8139,8233,7812,7887,31401,-0.03215118419437968,053980
2019-03-29,7859,8111,7821,7878,11656,-0.0011411182959299992,053980
2019-04-01,7877,8214,7877,8186,28988,0.039096217314039006,053980
2019-04-02,8186,8420,8149,8252,15797,0.008062545809919275,053980
2019-04-03,8242,8326,8046,8196,6833,-0.0067862336403295975,053980
2019-04-04,8064,8280,8064,8252,9905,0.00683260126891172,053980
2019-04-05,8252,8448,8224,8402,43396,0.018177411536597132,053980
2019-04-08,8401,8420,8279,8364,20832,-0.004522732682694541,053980
2019-04-09,8448,8514,8299,8430,19168,0.00789096126255373,053980
2019-04-10,8420,10899,8411,8804,1624946,0.04436536180308415,053980
2019-04-11,8757,9103,8729,8926,196797,0.013857337573830009,053980
2019-04-12,8962,9168,8869,8991,118335,0.0072820972440061915,053980
2019-04-15,8944,9346,8897,9300,158083,0.034367701034367704,053980
2019-04-16,9262,9337,9178,9188,65595,-0.01204301075268821,053980
2019-04-17,9187,9253,8963,8982,49779,-0.022420548541575935,053980
2019-04-18,8897,9028,8888,8963,28909,-0.0021153417947005204,053980
2019-04-19,9000,9309,8963,9291,75918,0.036594890103759825,053980
2019-04-22,9290,9543,9290,9403,91801,0.012054676568722389,053980
2019-04-23,9449,9543,9309,9543,90555,0.01488886525576949,053980
2019-04-24,9589,9870,9496,9730,52756,0.01959551503720003,053980
2019-04-25,9776,9823,9355,9496,84435,-0.024049331963001075,053980
2019-04-26,9589,9636,9280,9496,41268,0.0,053980
2019-04-29,9543,9683,9356,9590,30187,0.009898904802021935,053980
2019-04-30,9356,9636,9356,9356,29740,-0.024400417101147043,053980
2019-05-02,9355,9589,9271,9496,31202,0.014963659683625563,053980
2019-05-03,9496,9590,9262,9347,20120,-0.015690817186183703,053980
2019-05-07,9272,9337,9028,9085,31837,-0.028030384080453663,053980
2019-05-08,9047,9047,8747,8888,25805,-0.021684094661529985,053980
2019-05-09,8823,8982,8430,8505,44826,-0.04309180918091804,053980
2019-05-10,8485,8766,8485,8701,19181,0.023045267489711918,053980
2019-05-13,8701,8944,8467,8533,9079,-0.0193081255028158,053980
2019-05-14,8467,8701,8383,8589,17901,0.00656275635767023,053980
2019-05-15,8504,8879,8504,8692,9999,0.011992082896728373,053980
2019-05-16,8663,8887,8560,8682,19048,-0.0011504832029451961,053980
2019-05-17,9543,10338,8766,8795,671818,0.013015434231743894,053980
2019-05-20,8701,8878,8383,8383,52557,-0.046844798180784575,053980
2019-05-21,8410,8551,8176,8261,38199,-0.014553262555171198,053980
2019-05-22,8223,8326,8074,8149,28260,-0.013557680668199956,053980
2019-05-23,8176,8495,8046,8177,34128,0.0034360044177199622,053980
2019-05-24,8065,8299,7634,7850,35095,-0.039990216460804695,053980
2019-05-27,7775,8065,7765,7953,18017,0.01312101910828023,053980
2019-05-28,7915,8083,7915,7990,9542,0.004652332453162433,053980
2019-05-29,7933,8027,7765,7831,16844,-0.019899874843554488,053980
2019-05-30,7811,7952,7708,7793,5584,-0.004852509258076898,053980
2019-05-31,7737,7933,7587,7840,32009,0.006031053509559792,053980
2019-06-03,7831,7905,7718,7831,7281,-0.001147959183673497,053980
2019-06-04,7793,7933,7690,7765,8459,-0.008428042395607238,053980
2019-06-05,7765,7896,7718,7803,6350,0.004893754024468677,053980
2019-06-07,7803,8008,7681,7775,6406,-0.0035883634499551675,053980
2019-06-10,7718,7858,7624,7662,13913,-0.01453376205787782,053980
2019-06-11,7662,7840,7624,7681,10982,0.002479770294962158,053980
2019-06-12,7681,7746,7653,7700,5383,0.0024736362452806304,053980
2019-06-13,7690,7924,7690,7812,14600,0.014545454545454639,053980
2019-06-14,7812,8607,7812,8374,161613,0.07194060419866877,053980
2019-06-17,8298,8654,8298,8598,41932,0.026749462622402742,053980
2019-06-18,8691,8691,8448,8589,22973,-0.0010467550593161734,053980
2019-06-19,8542,8626,8542,8589,21044,0.0,053980
2019-06-20,8625,9074,8560,9000,70360,0.04785190359762481,053980
2019-06-21,9000,9140,8981,9000,51860,0.0,053980
2019-06-24,8953,9131,8654,8748,25119,-0.028000000000000025,053980
2019-06-25,8700,8794,8457,8495,21299,-0.028920896204846835,053980
2019-06-26,8495,8560,8401,8467,6343,-0.003296056503825806,053980
2019-06-27,8466,8550,8326,8420,11492,-0.005550962560529116,053980
2019-06-28,8373,8701,7924,8327,35103,-0.01104513064133017,053980
2019-07-01,8299,8420,8140,8243,11635,-0.010087666626636294,053980
2019-07-02,8242,8242,7952,8093,32710,-0.018197258279752493,053980
2019-07-03,8065,8084,7943,8084,12007,-0.0011120721611268536,053980
2019-07-04,8064,8139,7943,8046,10176,-0.0047006432459179015,053980
2019-07-05,8045,8270,8027,8158,5231,0.013919960228685024,053980
2019-07-08,8093,8280,7952,8093,8801,-0.00796763912723708,053980
2019-07-09,8017,8064,7391,7522,69338,-0.07055480044482887,053980
2019-07-10,7391,7578,7391,7522,16724,0.0,053980
2019-07-11,7578,7606,7419,7541,19894,0.0025259239563946156,053980
2019-07-12,7493,7680,7353,7475,18492,-0.008752154886619845,053980
2019-07-15,7400,7484,7185,7391,20857,-0.011237458193979921,053980
2019-07-16,7372,7391,7063,7223,18645,-0.022730347720200217,053980
2019-07-17,7222,7222,6698,6811,45845,-0.05704001107573031,053980
2019-07-18,6810,7072,6698,6923,30398,0.016443987667009274,053980
2019-07-19,6866,7007,6866,6951,3539,0.004044489383215444,053980
2019-07-22,6950,7007,6848,6979,5146,0.004028197381671594,053980
2019-07-23,6895,7036,6895,7008,19995,0.004155323112193798,053980
2019-07-24,7064,7110,6923,7008,5859,0.0,053980
2019-07-25,7016,7016,6810,6970,6033,-0.005422374429223775,053980
2019-07-26,6970,6979,6596,6746,15305,-0.03213773314203727,053980
2019-07-29,6960,7016,5800,5847,133520,-0.13326415653720725,053980
2019-07-30,5529,5706,5501,5632,165830,-0.036770993671968566,053980
2019-07-31,5632,6231,5585,6194,106263,0.09978693181818188,053980
2019-08-01,6137,6913,6109,6652,63223,0.07394252502421694,053980
2019-08-02,6652,6652,6259,6596,16982,-0.008418520745640423,053980
2019-08-05,6596,6596,5801,5801,29279,-0.1205275924802911,053980
2019-08-06,5472,5847,5472,5501,52737,-0.05171522151353214,053980
2019-08-07,5473,5819,5473,5707,36245,0.0374477367751318,053980
2019-08-08,5707,5988,5697,5988,21460,0.049237778167163126,053980
2019-08-09,6081,6221,5987,6212,27023,0.03740814963259842,053980
2019-08-12,6053,6726,6053,6577,282163,0.05875724404378624,053980
2019-08-13,6548,6586,6099,6156,104983,-0.06401094724038314,053980
2019-08-14,6259,6259,5941,5988,50322,-0.02729044834307992,053980
2019-08-16,5978,5978,5641,5791,33223,-0.032899131596526354,053980
2019-08-19,5744,5940,5706,5847,28987,0.009670177862199925,053980
2019-08-20,5818,6024,5800,6006,13157,0.027193432529502237,053980
2019-08-21,6006,6118,5941,6016,11449,0.0016650016650017196,053980
2019-08-22,5969,6043,5894,5941,9762,-0.012466755319148981,053980
2019-08-23,5707,5931,5697,5754,52205,-0.03147618246086514,053980
2019-08-26,5753,5800,5603,5744,21897,-0.001737921445950641,053980
2019-08-27,5753,5968,5734,5819,19402,0.013057103064066933,053980
2019-08-28,5818,5987,5762,5847,9416,0.004811823337343091,053980
2019-08-29,5922,5922,5763,5829,7662,-0.0030785017957927208,053980
2019-08-30,5837,6099,5837,6081,20483,0.04323211528564075,053980
2019-09-02,5931,6211,5931,6137,13606,0.00920901167571131,053980
2019-09-03,6044,6287,6044,6222,23692,0.013850415512465464,053980
2019-09-04,6221,6445,6221,6371,22982,0.023947283831565302,053980
2019-09-05,6389,6492,6352,6399,16469,0.004394914456129273,053980
2019-09-06,6417,6455,6221,6315,24517,-0.013127051101734621,053980
2019-09-09,6314,6445,6202,6315,14303,0.0,053980
2019-09-10,6286,6361,6240,6315,6302,0.0,053980
2019-09-11,6315,6455,6277,6437,24856,0.019319081551860684,053980
2019-09-16,6409,6605,6371,6456,19730,0.002951685567811113,053980
2019-09-17,6389,6520,6380,6418,5901,-0.005885997521685282,053980
2019-09-18,6576,6576,6370,6427,4495,0.0014023060143346644,053980
2019-09-19,6502,6642,6417,6577,25308,0.023339038431616554,053980
2019-09-20,6577,6642,6502,6577,14337,0.0,053980
2019-09-23,6614,6614,6493,6540,8792,-0.005625665196898333,053980
2019-09-24,6539,6577,6502,6549,7803,0.0013761467889907841,053980
2019-09-25,6642,6642,6409,6540,15829,-0.0013742556115436955,053980
2019-09-26,6539,7203,6511,7157,81949,0.09434250764525998,053980
2019-09-27,7157,7839,7063,7288,139556,0.018303758558054994,053980
2019-09-30,7288,7709,7167,7167,68992,-0.016602634467618005,053980
2019-10-01,7110,7353,7016,7101,43130,-0.009208874005860235,053980
2019-10-02,7025,7044,6426,6717,97744,-0.054076890578791725,053980
2019-10-04,6736,6773,6549,6699,11227,-0.0026797677534613484,053980
2019-10-07,6576,6688,6202,6586,39175,-0.016868189281982415,053980
2019-10-08,6577,6727,6334,6699,27718,0.01715760704524749,053980
2019-10-10,6689,7016,6642,6886,15017,0.02791461412151075,053980
2019-10-11,6885,6922,6557,6717,20534,-0.024542550101655514,053980
2019-10-14,6717,6904,6576,6764,10392,0.006997171356260212,053980
2019-10-15,6698,6988,6633,6867,27117,0.015227675931401619,053980
2019-10-16,6867,7091,6867,6914,17763,0.006844327945245476,053980
2019-10-17,6904,7007,6857,6914,4889,0.0,053980
2019-10-18,7016,7063,6820,6914,18125,0.0,053980
2019-10-21,6857,6922,6642,6792,10775,-0.017645357246167226,053980
2019-10-22,6792,6923,6670,6727,20418,-0.009570082449941064,053980
2019-10-23,6651,6764,6361,6577,48181,-0.022298201278430185,053980
2019-10-24,6493,6689,6483,6624,13663,0.0071461152501139935,053980
2019-10-25,6894,6894,6492,6633,17899,0.0013586956521738358,053980
2019-10-28,6596,6633,6455,6540,8968,-0.014020805065581232,053980
2019-10-29,6483,6530,6399,6493,8937,-0.00718654434250765,053980
2019-10-30,6492,6530,6296,6418,9101,-0.011550900970275668,053980
2019-10-31,6417,6558,6352,6446,11737,0.0043627298223745115,053980
2019-11-01,6417,6548,6277,6427,16881,-0.0029475643810115137,053980
2019-11-04,6426,6455,6333,6427,15853,0.0,053980
2019-11-05,6427,6446,6361,6418,11521,-0.0014003423058970288,053980
2019-11-06,6418,6474,6175,6409,50473,-0.0014023060143346644,053980
2019-11-07,6399,6446,6277,6390,12788,-0.0029645810578873277,053980
2019-11-08,6399,6455,6324,6418,10593,0.004381846635367781,053980
2019-11-11,6418,6474,6343,6409,2475,-0.0014023060143346644,053980
2019-11-12,6829,6829,6324,6418,20127,0.0014042752379466172,053980
2019-11-13,6418,6530,6389,6418,4260,0.0,053980
2019-11-14,6408,6502,6268,6409,17000,-0.0014023060143346644,053980
2019-11-15,6380,6520,6380,6446,4591,0.005773131533780562,053980
2019-11-18,6512,6577,6268,6353,29421,-0.014427551970214059,053980
2019-11-19,6343,6352,5903,6119,73916,-0.03683299228710846,053980
2019-11-20,6109,6249,5987,6184,14199,0.010622650759928076,053980
2019-11-21,6268,6268,5987,6109,7196,-0.012128072445019455,053980
2019-11-22,5988,6100,5969,6063,12896,-0.0075298739564576556,053980
2019-11-25,6174,6174,5903,6006,23931,-0.009401286491835692,053980
2019-11-26,6034,6156,5885,6016,33273,0.0016650016650017196,053980
2019-11-27,6080,6267,5893,6006,20128,-0.0016622340425531679,053980
2019-11-28,5950,5997,5894,5988,9052,-0.0029970029970030065,053980
2019-11-29,5987,6080,5921,5950,14476,-0.006346025384101561,053980
2019-12-02,5959,6034,5762,5922,10289,-0.004705882352941226,053980
2019-12-03,5884,5987,5847,5885,8681,-0.0062478892266126795,053980
2019-12-04,5810,5922,5810,5885,12915,0.0,053980
2019-12-05,5865,5931,5762,5819,10316,-0.01121495327102806,053980
2019-12-06,5735,5884,5650,5838,26122,0.0032651658360542957,053980
2019-12-09,5800,5828,5641,5744,14182,-0.016101404590613266,053980
2019-12-10,5716,5753,5659,5716,4155,-0.004874651810584996,053980
2019-12-11,5678,5762,5323,5323,154596,-0.06875437368789361,053980
2019-12-12,5276,5342,5183,5202,86960,-0.02273154236332897,053980
2019-12-13,5248,6343,5239,5576,520137,0.07189542483660127,053980
2019-12-16,5594,5678,5435,5613,48682,0.00663558106169293,053980
2019-12-17,5566,5622,5416,5473,45448,-0.024942098699447746,053980
2019-12-18,5482,5520,5398,5408,27206,-0.01187648456057011,053980
2019-12-19,5407,5463,5238,5426,32684,0.003328402366863825,053980
2019-12-20,5417,6081,5370,5670,321112,0.04496866936970134,053980
2019-12-23,5669,5781,5519,5613,51094,-0.010052910052910091,053980
2019-12-24,5529,5744,5463,5660,65433,0.008373418849100256,053980
2019-12-26,5660,5856,5660,5679,61938,0.003356890459363937,053980
2019-12-27,5791,5941,5613,5913,36148,0.04120443740095081,053980
2019-12-30,5950,6006,5828,5866,43091,-0.007948587857263711,053980
2020-01-02,5865,6427,5837,5978,196426,0.019093078758949833,053980
2020-01-03,5950,6081,5922,5988,24364,0.0016728002676480447,053980
2020-01-06,5940,5987,5847,5866,15923,-0.020374081496326024,053980
2020-01-07,5866,6034,5847,5932,20182,0.011251278554381239,053980
2020-01-08,5921,5931,5781,5847,22428,-0.01432906271072154,053980
2020-01-09,5866,5959,5791,5866,33170,0.003249529673336804,053980
2020-01-10,5819,5941,5754,5801,25145,-0.01108080463689054,053980
2020-01-13,5800,6362,5725,5941,133301,0.024133770039648228,053980
2020-01-14,5950,6128,5894,6128,38762,0.03147618246086514,053980
2020-01-15,6127,6211,6071,6165,16323,0.006037859007832935,053980
2020-01-16,6165,6221,6053,6175,13540,0.0016220600162206722,053980
2020-01-17,6184,6418,6147,6325,47094,0.02429149797570851,053980
2020-01-20,6324,6324,6231,6231,8918,-0.01486166007905143,053980
2020-01-21,6230,6240,5987,5997,32954,-0.03755416466056816,053980
2020-01-22,5987,6137,5894,6025,20176,0.004669001167250331,053980
2020-01-23,6025,6128,5969,6044,15968,0.00315352697095439,053980
2020-01-28,5716,5884,5707,5838,31307,-0.03408338848444736,053980
2020-01-29,5838,5894,5707,5782,14396,-0.00959232613908878,053980
2020-01-30,5697,5837,5519,5707,42375,-0.01297129021099963,053980
2020-01-31,5623,5800,5520,5623,18592,-0.014718766427194718,053980
2020-02-03,5566,5622,5313,5501,23288,-0.021696603236706413,053980
2020-02-04,5482,5763,5482,5520,15723,0.0034539174695509267,053980
2020-02-05,5510,5754,5464,5539,33817,0.0034420289855072728,053980
2020-02-06,5519,5707,5519,5707,19290,0.03033038454594683,053980
2020-02-07,5707,5866,5594,5651,2785,-0.009812510951463072,053980
2020-02-10,5650,5706,5510,5660,20110,0.0015926384710671648,053980
2020-02-11,5623,5978,5613,5932,46772,0.048056537102473484,053980
2020-02-12,5875,6043,5856,5866,9025,-0.011126095751854304,053980
2020-02-13,5894,5968,5706,5866,18240,0.0,053980
2020-02-14,5809,5931,5744,5866,11236,0.0,053980
2020-02-17,5846,5921,5669,5716,14506,-0.025571087623593614,053980
2020-02-18,5688,5791,5510,5567,48772,-0.02606717984604623,053980
2020-02-19,5557,5669,5482,5651,20664,0.015088916831327515,053980
2020-02-20,5641,5650,5472,5529,26881,-0.02158909927446473,053980
2020-02-21,5529,5678,5473,5548,16671,0.0034364261168384758,053980
2020-02-24,5351,6211,5145,5426,158284,-0.021989906272530613,053980
2020-02-25,5875,7054,5856,6184,9282808,0.13969775156653141,053980
2020-02-26,6399,6548,6109,6315,1437011,0.021183699870633843,053980
2020-02-27,6671,6792,5772,5801,1213710,-0.08139350752177354,053980
2020-02-28,5519,5641,5257,5267,525511,-0.09205309429408726,053980
2020-03-02,5239,5258,5005,5071,287165,-0.03721283463071956,053980
2020-03-03,5089,5229,4976,5005,209513,-0.013015184381778733,053980
2020-03-04,4967,5239,4911,5239,173415,0.04675324675324677,053980
2020-03-05,5248,5276,5052,5174,115973,-0.012406947890818865,053980
2020-03-06,5473,6446,5370,6175,5407940,0.19346733668341698,053980
2020-03-09,6735,8027,6614,8027,9369154,0.299919028340081,053980
2020-03-10,7662,8804,6586,6643,6281009,-0.1724180889497945,053980
2020-03-11,7662,7662,6595,7017,2234577,0.056299864519042675,053980
2020-03-12,7026,7363,6586,6783,1659424,-0.03334758443779395,053980
2020-03-13,6268,6417,5005,5314,1388720,-0.21657083886186057,053980
2020-03-16,5332,5921,4808,5192,1869743,-0.022958223560406443,053980
2020-03-17,4715,6343,4715,5988,5055704,0.1533127889060093,053980
2020-03-18,6193,7784,5931,7784,9739764,0.29993319973279897,053980
2020-03-19,7895,8204,6193,7110,8189960,-0.08658787255909561,053980
2020-03-20,7110,9168,6904,8448,15008144,0.18818565400843879,053980
2020-03-23,8317,9253,7793,8093,6936175,-0.042021780303030276,053980
2020-03-24,8092,8410,7793,7915,1974230,-0.021994316075620857,053980
2020-03-25,8701,9777,7952,9244,8575700,0.16790903348073272,053980
2020-03-26,9683,11975,9496,11882,9011136,0.2853742968411943,053980
2020-03-27,12724,13987,9225,10947,10305474,-0.07869045615216297,053980
2020-03-30,11881,13051,10618,12303,7997569,0.12386955330227467,053980
2020-03-31,13379,13847,11742,12444,4349021,0.011460619361131519,053980
2020-04-01,12490,16092,10572,14923,11655013,0.1992124718739956,053980
2020-04-02,14314,17776,12630,13145,9328556,-0.11914494404610332,053980
2020-04-03,15437,15437,13566,14502,3736864,0.10323316850513509,053980
2020-04-06,15063,16093,14268,16093,2769793,0.10970900565439257,053980
2020-04-07,15577,16840,14595,16373,2412842,0.017398869073510292,053980
2020-04-08,15811,18899,15390,16841,4845834,0.02858364380382339,053980
2020-04-09,16420,17215,16280,16935,1170810,0.005581616293569347,053980
2020-04-10,16607,16654,15016,15625,1177353,-0.0773545910835548,053980
2020-04-13,15016,15110,12163,12818,2268146,-0.17964800000000003,053980
2020-04-14,14455,14876,11368,12023,6272384,-0.06202215634264319,053980
2020-04-16,11648,11695,10057,10900,4182191,-0.09340430840888292,053980
2020-04-17,10900,10947,10151,10526,2192020,-0.03431192660550464,053980
2020-04-20,13660,13660,13660,13660,450572,0.2977389321679651,053980
2020-04-21,16186,17308,14642,14923,12135873,0.09245973645680827,053980
2020-04-22,15531,15765,13192,13520,6148877,-0.09401594853581718,053980
2020-04-23,13145,13238,12303,12771,3861742,-0.05539940828402368,053980
2020-04-24,12724,13473,12397,12865,4106144,0.007360425965077022,053980
2020-04-27,13145,13192,12724,12912,1521368,0.0036533229692965463,053980
2020-04-28,13004,13051,11788,11882,1744886,-0.07977075588599747,053980
2020-04-29,11882,11882,11180,11368,1564522,-0.04325871065477194,053980
2020-05-04,10900,11040,10432,10526,1271116,-0.07406755805770582,053980
2020-05-06,10759,10993,10385,10713,940858,0.01776553296598893,053980
2020-05-07,10713,10900,10525,10713,582356,0.0,053980
2020-05-08,10806,12069,10712,11508,3949001,0.07420890506860833,053980
2020-05-11,12022,12069,11227,11227,1204586,-0.024417796315606588,053980
2020-05-12,11461,12069,11134,11836,2370957,0.05424423265342471,053980
2020-05-13,11882,12023,11414,11602,829086,-0.019770192632646122,053980
2020-05-14,11741,13285,11601,12303,8431050,0.06042061713497682,053980
2020-05-15,12397,13941,11414,12444,7785244,0.011460619361131519,053980
2020-05-18,12163,12537,11742,11836,1254104,-0.04885888781742209,053980
2020-05-19,11227,11414,10619,10713,1432534,-0.09488002703616083,053980
2020-05-20,10946,11133,10712,10900,657775,0.017455427984691463,053980
2020-05-21,10806,11040,10665,11040,503739,0.012844036697247763,053980
2020-05-22,11274,11274,10619,10760,520410,-0.025362318840579712,053980
2020-05-25,10853,11040,10478,10853,625796,0.008643122676579962,053980
2020-05-26,10947,10947,10479,10526,552976,-0.030129917995024402,053980
2020-05-27,10525,10993,10104,10666,976437,0.013300399011970443,053980
2020-05-28,10713,10900,10291,10713,638468,0.004406525407838036,053980
2020-05-29,10712,10853,10338,10479,484737,-0.021842621114533722,053980
2020-06-01,10572,10572,10010,10151,789510,-0.03130069663135793,053980
2020-06-02,9964,10010,9543,9777,830957,-0.03684366072308143,053980
2020-06-03,9776,9776,9402,9496,563983,-0.028740922573386563,053980
2020-06-04,9589,9963,9336,9917,629216,0.04433445661331081,053980
2020-06-05,9917,10057,9777,10011,423630,0.009478672985782088,053980
2020-06-08,10057,10197,9823,9917,392272,-0.009389671361502372,053980
2020-06-09,9917,9963,9542,9730,448780,-0.018856509024906765,053980
2020-06-10,9730,9870,9636,9730,220991,0.0,053980
2020-06-11,9917,10338,9590,9684,728277,-0.004727646454265155,053980
2020-06-12,9730,10104,9346,9356,946627,-0.03387030152829407,053980
2020-06-15,9449,9543,8654,8748,735000,-0.06498503634031638,053980
2020-06-16,8841,9309,8823,9216,522568,0.053497942386831365,053980
2020-06-17,9028,9159,8729,8860,277131,-0.03862847222222221,053980
2020-06-18,8963,8982,8617,8664,239385,-0.022121896162528243,053980
2020-06-19,8691,8841,8411,8673,395945,0.0010387811634349209,053980
2020-06-22,8832,9262,8542,8542,586434,-0.015104346823475168,053980
2020-06-23,8541,8672,8270,8364,369741,-0.020838211191758327,053980
2020-06-24,8495,8982,8224,8898,681050,0.06384505021520814,053980
2020-06-25,8990,9168,8410,8439,676119,-0.05158462575859746,053980
2020-06-26,8476,8794,8402,8664,334666,0.026661926768574373,053980
2020-06-29,8794,8841,8411,8430,329888,-0.0270083102493075,053980
2020-06-30,8513,8944,8354,8467,521404,0.004389086595492309,053980
2020-07-01,8560,8832,8448,8514,366039,0.005550962560529005,053980
2020-07-02,8560,8804,8523,8748,266170,0.02748414376321362,053980
2020-07-03,8794,9318,8747,9066,1422181,0.036351165980795574,053980
2020-07-06,9112,9159,8785,8879,379309,-0.020626516655636418,053980
2020-07-07,8869,8944,8570,8645,261256,-0.026354319180087793,053980
2020-07-08,8682,8794,8542,8589,230776,-0.006477732793522262,053980
2020-07-09,8588,8644,8448,8495,209376,-0.010944230993130799,053980
2020-07-10,8448,9824,8448,9029,3018775,0.06286050618010597,053980
2020-07-13,9074,9495,8841,9234,1192019,0.022704618451655723,053980
2020-07-14,9122,9168,8916,8963,461373,-0.029348061511804246,053980
2020-07-15,9009,9009,8700,8738,312243,-0.025103202052884077,053980
2020-07-16,8654,8822,8560,8589,279544,-0.017051956969558302,053980
2020-07-17,8579,8748,8579,8636,151830,0.005472115496565344,053980
2020-07-20,8616,8766,8560,8579,224651,-0.0066002779064381345,053980
2020-07-21,8560,8729,8541,8570,260056,-0.0010490733185686274,053980
2020-07-22,8570,11134,8430,11134,14820134,0.29918319719953335,053980
2020-07-23,11133,12443,10572,10853,11111288,-0.025238009700017994,053980
2020-07-24,10993,11134,10104,10526,3167564,-0.030129917995024402,053980
2020-07-27,10806,11882,10572,11368,5340637,0.07999239977199313,053980
2020-07-28,11461,11461,10619,10853,1391478,-0.04530260380014073,053980
2020-07-29,10993,11975,10946,11321,2944367,0.04312171749746607,053980
2020-07-30,11368,13005,11321,12444,8023401,0.09919618408267827,053980
2020-07-31,12677,12911,11929,12023,2711269,-0.033831565413050435,053980
2020-08-03,12303,14642,12303,13473,8595611,0.12060217915661653,053980
2020-08-04,13800,13847,12630,13005,2215598,-0.03473613894455574,053980
2020-08-05,12771,13238,12256,12350,1586407,-0.05036524413687038,053980
2020-08-06,12583,13659,12490,12724,2960834,0.030283400809716587,053980
2020-08-07,12911,13145,12256,12865,1252020,0.011081420936812414,053980
2020-08-10,12958,13285,12490,12584,789971,-0.02184220753983679,053980
2020-08-11,12257,13052,12069,12912,1368171,0.026064844246662444,053980
2020-08-12,12724,12911,11789,12023,1169324,-0.06885068153655516,053980
2020-08-13,12116,12209,11321,11555,1038301,-0.038925392996756236,053980
2020-08-14,11414,11601,10759,10900,956515,-0.05668541756815226,053980
2020-08-18,11975,12022,11086,11508,1403340,0.055779816513761515,053980
2020-08-19,11788,11788,10759,10900,1209123,-0.052832811956899595,053980
2020-08-20,10993,11133,10104,10572,879463,-0.0300917431192661,053980
2020-08-21,10712,10759,10198,10245,515297,-0.03093076049943244,053980
2020-08-24,10338,10806,10198,10526,519882,0.027428013665202533,053980
2020-08-25,10666,10806,10338,10666,459818,0.013300399011970443,053980
2020-08-26,10806,11320,10525,10806,871718,0.013125820363772744,053980
2020-08-27,11040,11695,10946,11274,1483109,0.04330927262631867,053980
2020-08-28,11134,11180,10806,10947,504312,-0.02900478978179888,053980
2020-08-31,11086,11367,10712,10806,663328,-0.01288024116196218,053980
2020-09-01,10619,10806,10385,10666,315272,-0.012955765315565415,053980
2020-09-02,10759,10759,10385,10619,269406,-0.004406525407838036,053980
2020-09-03,10572,10899,10525,10806,284054,0.01760994443921282,053980
2020-09-04,10479,10712,10385,10479,317760,-0.03026096612992779,053980
2020-09-07,10478,10805,10478,10572,331995,0.0088748926424278,053980
2020-09-08,10619,10853,10478,10666,537737,0.008891411275066208,053980
2020-09-09,10572,12256,10291,11134,3820125,0.04387774235889741,053980
2020-09-10,11227,11555,10853,10947,783933,-0.016795401472965654,053980
2020-09-11,10993,11321,10806,11134,346722,0.017082305654517294,053980
2020-09-14,11134,11321,11087,11181,323094,0.00422130411352617,053980
2020-09-15,11133,11180,10899,11040,295756,-0.012610678830158317,053980
2020-09-16,10993,11226,10899,10993,288948,-0.004257246376811574,053980
2020-09-17,10993,10993,10759,10900,224469,-0.008459929045756431,053980
2020-09-18,10806,10900,10619,10713,203564,-0.017155963302752264,053980
2020-09-21,10759,10806,10385,10432,196922,-0.026229814244375982,053980
2020-09-22,10384,10384,9870,10151,277264,-0.026936349693251538,053980
2020-09-23,10291,10291,9636,9917,154434,-0.02305191606738255,053980
2020-09-24,9776,11039,9683,10151,754381,0.02359584551779781,053980
2020-09-25,10151,10198,9824,9824,209210,-0.03221357501723965,053980
2020-09-28,9824,10292,9824,10105,107204,0.02860342019543971,053980
2020-09-29,10198,10385,10057,10245,119936,0.01385452746165261,053980
2020-10-05,10479,10666,10338,10526,176578,0.027428013665202533,053980
2020-10-06,10759,11695,10712,10853,1411022,0.03106593197795937,053980
2020-10-07,10852,11133,10805,10993,273617,0.012899659080438663,053980
2020-10-08,11180,11321,10993,11321,452241,0.029837169107614026,053980
2020-10-12,11554,11975,11273,11414,1242759,0.008214822012189815,053980
2020-10-13,11414,11507,10993,11040,366536,-0.03276677764149294,053980
2020-10-14,11086,11320,10899,11040,240990,0.0,053980
2020-10-15,11694,12068,11086,11414,1252528,0.03387681159420297,053980
2020-10-16,11695,12303,11461,12210,1934127,0.06973891711932723,053980
2020-10-19,12069,12209,11742,11742,652490,-0.03832923832923829,053980
2020-10-20,11976,12397,11321,11836,1197421,0.008005450519502633,053980
2020-10-21,11835,12537,11507,12350,1695928,0.04342683338965858,053980
2020-10-22,12069,12116,11742,11742,680384,-0.04923076923076919,053980
2020-10-23,11835,11835,11226,11414,646328,-0.027933912451030496,053980
2020-10-26,11320,11414,10525,10619,504878,-0.06965130541440334,053980
2020-10-27,10479,10946,10432,10479,360894,-0.013183915622939968,053980
2020-10-28,10992,11507,10852,11414,511566,0.08922607118999903,053980
2020-10-29,11087,12069,10993,11742,895307,0.028736639214999027,053980
2020-10-30,11788,11975,11554,11882,407354,0.01192301141202523,053980
2020-11-02,11882,12022,11742,11976,336927,0.007911126073051777,053980
2020-11-03,12022,12022,11648,11789,272173,-0.015614562458249881,053980
2020-11-04,11788,11835,11273,11648,308393,-0.01196030197641873,053980
2020-11-05,11648,12023,11601,12023,356880,0.032194368131868156,053980
2020-11-06,12022,12069,11695,11742,320955,-0.02337187058138568,053980
2020-11-09,11789,11929,11695,11789,320542,0.004002725259751427,053980
2020-11-10,11087,11227,10666,10947,665017,-0.07142251251166343,053980
2020-11-11,10900,10946,10338,10479,408322,-0.042751438750342596,053980
2020-11-12,10525,11087,10385,10666,372240,0.017845214237999896,053980
2020-11-13,10479,10806,10338,10713,254080,0.004406525407838036,053980
2020-11-16,10806,11461,10759,11368,641587,0.06114067021375891,053980
2020-11-17,10899,10993,10525,10572,400012,-0.07002111189303306,053980
2020-11-18,10572,10666,10338,10479,176993,-0.008796821793416565,053980
2020-11-19,10384,10712,10338,10572,154509,0.0088748926424278,053980
2020-11-20,10572,10572,10338,10432,191030,-0.013242527430949669,053980
2020-11-23,10432,10478,10291,10432,193764,0.0,053980
2020-11-24,10666,10712,10198,10245,343596,-0.017925613496932558,053980
2020-11-25,10104,10244,9449,9543,558410,-0.0685212298682284,053980
2020-11-26,9637,9730,9356,9450,178262,-0.009745363093366821,053980
2020-11-27,9449,9823,9449,9777,184795,0.034603174603174525,053980
2020-11-30,9870,9870,9637,9637,109416,-0.01431932085506804,053980
2020-12-01,9590,9683,9496,9637,70834,0.0,053980
2020-12-02,9637,9730,9318,9347,232293,-0.030092352391823174,053980
2020-12-03,9355,9402,9215,9262,174392,-0.009093826896330426,053980
2020-12-04,9262,9262,9075,9141,242386,-0.013064133016627122,053980
2020-12-07,9140,9589,9093,9496,226286,0.038836013565255456,053980
2020-12-08,9636,9636,9244,9244,121756,-0.026537489469250164,053980
2020-12-09,9290,9496,9075,9347,213702,0.011142362613587142,053980
2020-12-10,10010,10244,9589,9730,657045,0.04097571413287682,053980
2020-12-11,9683,9730,9496,9590,143456,-0.014388489208633115,053980
2020-12-14,9823,9964,9636,9777,288030,0.01949947862356627,053980
2020-12-15,9824,9917,9590,9684,120540,-0.0095121202822952,053980
2020-12-16,9636,9870,9402,9496,231850,-0.0194134655101198,053980
2020-12-17,9496,9636,9449,9496,102452,0.0,053980
2020-12-18,9449,9543,9356,9403,101920,-0.009793597304128099,053980
2020-12-21,9496,9543,9327,9356,126044,-0.0049984047644369145,053980
2020-12-22,9356,9402,9178,9300,180013,-0.005985463873450225,053980
2020-12-23,9299,9299,8607,8757,285083,-0.058387096774193514,053980
2020-12-24,8766,8925,8692,8823,128848,0.007536827680712621,053980
2020-12-28,8822,8831,8532,8682,128852,-0.01598095885753148,053980
2020-12-29,8682,9131,8682,9019,104054,0.03881594102741315,053980
2020-12-30,9028,9187,8934,9122,88204,0.011420334848652791,053980
